accession,celltype,scarvcell_overlap,accession_auditable,n_contexts,n_cells,FSSI,equal_weight_FSSI,pathological_component,repair_component
GANIER_SPATIAL_SKIN_ATLAS,F1: Superficial,False,True,2.0,854.0,-0.29597041029934085,-0.3528306685789487,-1.0075577148546573,-0.7073981399711656
GANIER_SPATIAL_SKIN_ATLAS,F2/3: Stroma_PPARG+,False,True,2.0,13270.0,-1.1250840693115451,-1.0787758598420383,-1.3312521849481507,0.8343782037430553
GANIER_SPATIAL_SKIN_ATLAS,F2: Universal,False,True,2.0,2668.0,-1.1114905804113213,-0.9883555864964784,-0.9655703441469429,1.317244357886618
GANIER_SPATIAL_SKIN_ATLAS,F3: FRC-like,False,True,2.0,3441.0,-0.9493646842411197,-0.9762045455994565,-1.5348312951236522,0.12383170911294009
GANIER_SPATIAL_SKIN_ATLAS,F4: DP_HHIP+,False,True,2.0,888.0,-0.19123862668301872,-0.19245886914991145,-1.5397333165265392,-1.7101965919249167
GANIER_SPATIAL_SKIN_ATLAS,F4: DS_DPEP1+,False,True,2.0,9138.0,-0.6567428121225922,-0.7214386511796854,-0.9931355756645479,0.18241462032396727
GANIER_SPATIAL_SKIN_ATLAS,F4: TNN+COCH+,False,True,2.0,1224.0,-0.2469244446746436,-0.26205332595436726,-0.7718188146889833,-0.49319907877067637
GANIER_SPATIAL_SKIN_ATLAS,F5: NGFR+,False,True,2.0,636.0,-1.2109123741358143,-1.1526875142806055,-1.4628472042238057,0.8556734827028057
GANIER_SPATIAL_SKIN_ATLAS,F5: RAMP1+,False,True,2.0,208.0,-0.9994578495437996,-1.0286912910792343,-1.4114030886723379,0.4185974340624742
GANIER_SPATIAL_SKIN_ATLAS,F6: Inflammatory myofibroblast,False,True,2.0,515.0,-0.06533575066946196,-0.13929842462289455,-0.8351816523768012,-1.0201799146367019
GANIER_SPATIAL_SKIN_ATLAS,F6: Myofibroblast,False,True,2.0,460.0,0.015809698305967672,0.019723514122074202,-0.19074176196011064,-0.30705609620642454
GANIER_SPATIAL_SKIN_ATLAS,F7: Fascia-like myofibroblast,False,True,2.0,176.0,0.27735833987593356,0.19440333321836453,-0.2262646332429899,-0.9874882834350589
GANIER_SPATIAL_SKIN_ATLAS,F_Fascia,False,True,1.0,10.0,-0.46412399589574865,-0.41526216753843725,-0.8228351501231674,-0.04167408183688473
GSE123813,F1: Superficial,False,True,2.0,81.0,-0.4016760613946751,-0.596264227137672,-0.8146532819358697,-0.1806394920399212
GSE123813,F2/3: Stroma_PPARG+,False,True,2.0,16.0,-1.0384177166775006,-1.1927551482962055,-1.0706998220868167,0.9928985666071298
GSE123813,F2: Universal,False,True,2.0,6.0,-1.2423009005843308,-1.245974819118826,-0.9599627378214014,1.640409792134206
GSE123813,F3: FRC-like,False,True,2.0,41.0,-1.0386625830897147,-1.2559239403025386,-1.3636594790305077,0.5804030522703617
GSE123813,F4: DP_HHIP+,False,True,1.0,89.0,-0.14054618172750546,-0.19261364881577273,-1.3733168053197717,-1.597713151303761
GSE123813,F4: DS_DPEP1+,False,True,2.0,52.0,-0.5657227821369875,-0.8329036306615082,-0.8416484606313682,0.17665576781423492
GSE123813,F4: TNN+COCH+,False,True,2.0,37.0,-0.25988122183074597,-0.40544834924960194,-0.5118749980322601,-0.09544078614480296
GSE123813,F5: NGFR+,False,True,2.0,9.0,-1.3233022131491146,-1.4084642360365878,-1.2645664849339893,1.4061221034015452
GSE123813,F5: RAMP1+,False,True,1.0,4.0,-0.7414479669947328,-0.7767756147382969,-1.0222736743695748,0.3454717022643381
GSE123813,F6: Inflammatory myofibroblast,False,True,2.0,586.0,-0.003590295813793708,-0.03656359267713641,-0.6308480180051866,-0.8808699346205635
GSE123813,F6: Myofibroblast,False,True,2.0,76.0,0.18194094070904063,0.04069093175827017,-0.25064028813079914,-0.7918989847560785
GSE123813,F7: Fascia-like myofibroblast,False,True,2.0,46.0,0.061746359407060566,0.04883280708447368,-0.5316636055960496,-0.8984798037640038
GSE130973,F1: Superficial,True,True,1.0,2306.0,-0.690221242386437,-0.6361848265643826,-1.4712827318533512,-0.41110888160767106
GSE130973,F2/3: Stroma_PPARG+,True,True,1.0,622.0,-1.1529124695701405,-1.1125754750901402,-1.6784237895787082,0.41191902023191296
GSE130973,F2: Universal,True,True,1.0,2236.0,-1.0018885047750603,-0.8398538778292718,-1.2551861629307641,0.6447279674472824
GSE130973,F3: FRC-like,True,True,1.0,1327.0,-0.9015691347001374,-0.9032732235284872,-1.7085975402347955,-0.23637545214778674
GSE130973,F4: DS_DPEP1+,True,True,1.0,602.0,-0.5816036095169875,-0.5858513644766191,-1.1289713960023398,-0.19020839285395927
GSE130973,F4: TNN+COCH+,True,True,1.0,202.0,-0.40453301193348173,-0.32717136621784776,-0.9140779094812563,-0.3139470984863359
GSE130973,F5: NGFR+,True,True,1.0,92.0,-1.3083096944508787,-1.1913562245560967,-1.6086673826940072,0.8847925008671081
GSE130973,F5: RAMP1+,True,True,1.0,90.0,-1.2106604790439486,-1.2241092658395503,-1.6345612305669082,0.6129422794760622
GSE130973,F6: Inflammatory myofibroblast,True,True,1.0,12.0,-0.17769835878769336,-0.15450636306288404,-0.8144248613168487,-0.7201132571189883
GSE130973,F6: Myofibroblast,True,True,1.0,91.0,-0.1698878824412074,-0.18181570409237655,-0.5830479975460097,-0.41268556015465496
GSE130973,F7: Fascia-like myofibroblast,True,True,1.0,16.0,0.277142067087328,0.2279722162308709,-0.2228451761339389,-0.9821454759075202
GSE132802,F1: Superficial,False,True,1.0,224.0,-0.5611747968826236,-0.6134155308856127,-1.0073729240049034,-0.06798365644851474
GSE132802,F2/3: Stroma_PPARG+,False,True,1.0,43.0,-1.2107885242374508,-1.3024374975376405,-1.4511262738461577,0.8719020125523379
GSE132802,F2: Universal,False,True,1.0,108.0,-0.9091043586336942,-0.9406773163446142,-1.1026232873820203,0.6362343878724124
GSE132802,F3: FRC-like,False,True,1.0,267.0,-1.0188508869001478,-1.0636647731259676,-1.5051256581001125,0.3331826504257276
GSE132802,F4: DS_DPEP1+,False,True,1.0,10.0,-0.6906653496510441,-0.7581938460645586,-0.9531911498653128,0.32049273712220677
GSE132802,F4: TNN+COCH+,False,True,1.0,3.0,-0.8997496923612575,-1.0943948164917356,-1.3114603201875543,0.31922008885577796
GSE132802,F5: NGFR+,False,True,1.0,13.0,-1.5377048228119916,-1.5664174877364003,-1.6651607281835312,1.3579865420369115
GSE132802,F5: RAMP1+,False,True,1.0,5.0,-1.2215415250696358,-1.2942313178737834,-1.4634386037586231,0.880456292653195
GSE132802,F6: Inflammatory myofibroblast,False,True,1.0,1.0,-0.6163173353745574,-0.5808497769375476,-0.9772758101983291,0.10735043943181757
GSE132802,F7: Fascia-like myofibroblast,False,True,1.0,1.0,-0.06808671671406644,-0.006709914101711928,-0.9393986126554913,-1.1605003424810478
GSE138669,F1: Superficial,False,True,2.0,2653.0,-0.5174851455926803,-0.7152914488228349,-0.7057544363570301,0.25201738903576587
GSE138669,F2/3: Stroma_PPARG+,False,True,2.0,817.0,-1.6758064856833936,-1.9440703127449448,-1.5241252675222918,1.8896834941618943
GSE138669,F2: Universal,False,True,2.0,1836.0,-1.0961562519277765,-1.1375017105884822,-0.7757946669244209,1.5478797959671888
GSE138669,F3: FRC-like,False,True,2.0,1619.0,-1.4719113548117329,-1.7782399539317304,-1.5034337881907165,1.427463374812662
GSE138669,F4: DP_HHIP+,False,True,2.0,53.0,-0.48823841777199595,-0.6622247182248041,-1.479692616483474,-0.9097544295602182
GSE138669,F4: DS_DPEP1+,False,True,2.0,1717.0,-0.870064865538485,-1.2152641440686345,-0.9749346757515563,0.7221939454601859
GSE138669,F4: TNN+COCH+,False,True,2.0,1034.0,-0.5965039011898693,-0.7532213034230857,-0.8828033190297083,0.1928094704681673
GSE138669,F5: NGFR+,False,True,2.0,310.0,-1.4597467818273497,-1.5470480478728663,-1.5822578286375437,1.2870009632283492
GSE138669,F5: RAMP1+,False,True,2.0,105.0,-1.3813789865561035,-1.621515375522576,-1.4410047800606327,1.2973040661571889
GSE138669,F6: Inflammatory myofibroblast,False,True,2.0,38.0,-0.42193559135050546,-0.6524611163412355,-0.6780208440747121,0.06084442639202656
GSE138669,F6: Myofibroblast,False,True,2.0,250.0,0.013439996204390169,-0.16227808730565185,0.32778420775841743,0.4297987937709184
GSE138669,F7: Fascia-like myofibroblast,False,True,2.0,34.0,0.37054597090270613,0.23480830788904666,0.4016533507187572,-0.32668323418869205
GSE138669,F_Fascia,False,True,1.0,1.0,0.8123427633892264,0.9460488313578499,0.8539604065081186,-0.753660105654105
GSE144236,F2/3: Stroma_PPARG+,False,True,2.0,5.0,-1.3876239280168536,-1.7387675297970724,-1.5072825540160675,1.218900144824545
GSE144236,F2: Universal,False,True,1.0,111.0,-1.6422018962770393,-1.8351127896788666,-0.886989572658482,2.7070835902655372
GSE144236,F3: FRC-like,False,True,2.0,10.0,-1.466264878131536,-1.8419161109467623,-1.5054944343592287,1.4109495251060464
GSE144236,F4: DS_DPEP1+,False,True,1.0,3.0,0.13295366953645602,0.03663655210879716,-0.6071225353502009,-1.1764927883953407
GSE144236,F5: NGFR+,False,True,1.0,1.0,0.41029656214102994,0.28850841286108453,-1.0701065412791486,-2.497728288628774
GSE144236,F6: Inflammatory myofibroblast,False,True,1.0,616.0,0.11753648313523737,0.04203593623729386,-0.3882387244740487,-0.8307011694260176
GSE144236,F6: Myofibroblast,False,True,1.0,50.0,0.3485215713959356,0.18804497639610182,-0.08974588518382848,-0.9664974398861476
GSE144236,F7: Fascia-like myofibroblast,False,True,1.0,16.0,0.1834206994219863,0.12362694812687153,-0.32461493830849364,-0.8997726889138931
GSE154775,F1: Superficial,False,True,1.0,130.0,-0.45550513294555905,-0.6052017341934489,-0.6965015446879086,0.11568987946598046
GSE154775,F2/3: Stroma_PPARG+,False,True,1.0,165.0,-1.1480448639080014,-1.4842582318828512,-0.6067249231242653,1.9113291450351295
GSE154775,F2: Universal,False,True,1.0,114.0,-0.5248340139485613,-0.4298542615185108,-0.07166050077123477,1.1638280601139541
GSE154775,F3: FRC-like,False,True,1.0,123.0,-0.8712318695863164,-1.08931955688894,-1.0258015966544536,0.6532819399413764
GSE154775,F4: DP_HHIP+,False,True,1.0,5.0,-0.23007465282371617,-0.21321580404915913,-1.4287125302090586,-1.4600560474183601
GSE154775,F4: DS_DPEP1+,False,True,1.0,52.0,-0.2885540292823039,-0.5474158383338042,-0.735071525057082,-0.341054747515552
GSE154775,F4: TNN+COCH+,False,True,1.0,10.0,-0.6889893824261155,-0.697151369309839,-0.4587301950564407,1.0136646900638115
GSE154775,F5: NGFR+,False,True,1.0,11.0,-1.1916392580552062,-1.4121820716792657,-1.4864097490379768,0.7760002517006246
GSE154775,F5: RAMP1+,False,True,1.0,27.0,-0.9465817834525804,-1.2451248541039437,-0.7474694005853051,1.2273387638814168
GSE154775,F6: Inflammatory myofibroblast,False,True,1.0,180.0,-0.07434980383895831,-0.10525674080232192,-0.6959706677576942,-0.802162215213732
GSE154775,F6: Myofibroblast,False,True,1.0,171.0,0.25259550775326617,0.14967065514653685,0.5644592997383787,0.18714578448565422
GSE154775,F7: Fascia-like myofibroblast,False,True,1.0,33.0,0.7242173621003255,0.7242981733703131,0.8918285177690202,-0.48787846004872476
GSE158924,F1: Superficial,False,True,2.0,161.0,-0.6344707861591173,-0.9993725428540802,-1.022643194981018,0.08713107871726924
GSE158924,F2/3: Stroma_PPARG+,False,True,2.0,162.0,-1.9100864991884943,-2.5120132323601347,-1.2283947482695219,2.87130103951587
GSE158924,F2: Universal,False,True,2.0,406.0,-1.491205180096634,-1.7272589300343761,-1.0342752979017653,2.1354958673224917
GSE158924,F3: FRC-like,False,True,2.0,387.0,-1.4251689928363473,-1.9357278919369119,-1.367299691997383,1.506767183411496
GSE158924,F4: DP_HHIP+,False,True,2.0,5.0,-0.37839731910044155,-0.7398351248894999,-0.9855932843442531,-0.47777497553810544
GSE158924,F4: DS_DPEP1+,False,True,2.0,93.0,-0.9780766476663084,-1.5988741037690848,-0.6852672549092191,1.390950421601704
GSE158924,F4: TNN+COCH+,False,True,2.0,92.0,-0.6176705196267287,-0.9185378982472352,-0.720387315816579,0.47283544145477274
GSE158924,F5: NGFR+,False,True,2.0,14.0,-1.6244347926279927,-1.9736540803581784,-1.2742047506670606,2.118274139133933
GSE158924,F5: RAMP1+,False,True,2.0,49.0,-1.3210580389205326,-1.8373272986834215,-0.8719413995450886,1.954331719420087
GSE158924,F6: Inflammatory myofibroblast,False,True,2.0,20.0,-0.2611715248552361,-0.47193242972533034,-0.23388975445936552,0.29963998857807345
GSE158924,F6: Myofibroblast,False,True,2.0,27.0,-0.5002212205168747,-0.7256788259059945,-0.21617985866153747,0.9007316956717837
GSE158924,F7: Fascia-like myofibroblast,False,True,1.0,1.0,-1.3299220502744034,-1.6746559533501966,-1.0617474984705353,1.7080596442707485
GSE163028,F2/3: Stroma_PPARG+,False,True,1.0,1665.0,-1.2680392275181196,-1.3571560575099955,-1.4594005513664414,0.9982115719959038
GSE163028,F2: Universal,False,True,1.0,7.0,-1.0841172906155647,-1.115655884559367,-1.1451234211825,0.9980960358901027
GSE163028,F3: FRC-like,False,True,1.0,7.0,-1.1606672917288996,-1.3649842055714292,-1.6717983455883174,0.4399506330335204
GSE163028,F4: DS_DPEP1+,False,True,1.0,2.0,-0.7432303160436223,-1.0706037276457716,-0.5837338132497686,0.9681272102925913
GSE163028,F5: NGFR+,False,True,1.0,3378.0,-1.411031427085683,-1.5358062121958038,-1.4163637465119163,1.403512628509561
GSE163028,F5: RAMP1+,False,True,1.0,1557.0,-1.405268788050632,-1.591640635103334,-1.4842818471385775,1.293856993542787
GSE163028,F7: Fascia-like myofibroblast,False,True,1.0,1.0,-0.0514255307113646,-0.08449361139509992,-1.8592811732986292,-2.497728288628774
GSE163973,F1: Superficial,True,True,2.0,208.0,-0.46601188943238603,-0.7705241907785646,-0.832980758273928,-0.05142991927728902
GSE163973,F2/3: Stroma_PPARG+,True,True,2.0,806.0,-1.477582735778327,-1.7572032708707368,-1.1110945128644385,1.994346813161805
GSE163973,F2: Universal,True,True,2.0,355.0,-0.927342163370181,-0.9386042113143619,-0.5008996149699116,1.5286444053058057
GSE163973,F3: FRC-like,True,True,2.0,535.0,-1.22484049040871,-1.560604704958824,-1.1914298752491115,1.2719508875191285
GSE163973,F4: DP_HHIP+,True,True,2.0,10.0,0.06167147505161744,-0.12283432864029606,-1.0919496813866676,-1.6883266723646364
GSE163973,F4: DS_DPEP1+,True,True,2.0,277.0,-0.44281046526944506,-0.7259812501390285,-0.5199782728541227,0.3340005543447739
GSE163973,F4: TNN+COCH+,True,True,2.0,38.0,-0.10419966020176154,-0.2882445207555228,-0.07992820217179149,0.1384234546688387
GSE163973,F5: NGFR+,True,True,2.0,77.0,-1.2509207152220707,-1.2920670931160254,-1.2503677725425861,1.2517003880621382
GSE163973,F5: RAMP1+,True,True,2.0,156.0,-1.2473841394795113,-1.5301348800273924,-1.26091911721703,1.2282992416693639
GSE163973,F6: Inflammatory myofibroblast,True,True,2.0,123.0,0.45439411735216567,0.2827549743657529,0.3064713454467845,-0.6629715557754787
GSE163973,F6: Myofibroblast,True,True,2.0,1614.0,1.2553538645126796,1.2459024557781155,1.6377890090826006,-0.7161039451800015
GSE163973,F7: Fascia-like myofibroblast,True,True,2.0,596.0,1.574379697316214,1.5611329036633765,1.8400106871234223,-1.199828634581427
GSE163973,F_Fascia,True,True,2.0,7.0,0.7814825250902914,0.8158317082888125,0.9106342760333046,-0.5993730294893702
GSE166796,F1: Superficial,False,True,2.0,6029.0,-0.7212401630056928,-0.7364561842938236,-1.2767314110156078,-0.06202626774094347
GSE166796,F2/3: Stroma_PPARG+,False,True,2.0,142.0,-1.4424055583991382,-1.4905336234113415,-1.5494231366666622,1.2915061934549494
GSE166796,F2: Universal,False,True,2.0,874.0,-1.2729297489609022,-1.1730710877950479,-1.2040970347318691,1.3699868215717323
GSE166796,F3: FRC-like,False,True,2.0,2918.0,-1.0803618946222289,-1.1563861162871072,-1.6408659272848956,0.2900272230038806
GSE166796,F4: DP_HHIP+,False,True,1.0,2.0,0.4198846189024522,0.4461241069338601,-0.412736109521585,-1.5939154761927923
GSE166796,F4: DS_DPEP1+,False,True,2.0,978.0,-0.7140345435434478,-0.7880350886545234,-1.1666959257179226,0.07576262400762232
GSE166796,F4: TNN+COCH+,False,True,2.0,474.0,-0.6374034215405543,-0.5889653619217136,-1.0316184694978503,0.08154333433605936
GSE166796,F5: NGFR+,False,True,2.0,78.0,-1.1923339991547255,-1.1735001384616468,-1.6976426308612396,0.479827204852967
GSE166796,F5: RAMP1+,False,True,2.0,4.0,-0.9899108193103168,-0.8500101021541298,-1.5649003398753902,0.17915098987429012
GSE166796,F6: Inflammatory myofibroblast,False,True,2.0,19.0,-0.6044206365795668,-0.7042892193620214,-1.378181960530504,-0.4866159416421385
GSE166796,F6: Myofibroblast,False,True,2.0,79.0,-0.3772784418180733,-0.3920710188643781,-0.7051300166076647,-0.08500630833792502
GSE166796,F7: Fascia-like myofibroblast,False,True,2.0,16.0,-0.18547683130805714,-0.3265552496576105,-0.8667421517479087,-0.7751364237955805
GSE169147,F1: Superficial,False,True,1.0,174.0,-0.33008933525476364,-0.5797559803207208,-0.7050519442312239,-0.19862398912005433
GSE169147,F2/3: Stroma_PPARG+,False,True,1.0,478.0,-1.5176428728252973,-1.9939219696146067,-1.0926582370368974,2.1168893955899537
GSE169147,F2: Universal,False,True,1.0,424.0,-0.8653109542549275,-0.9811110909494465,-0.5131183569236116,1.3619175878164422
GSE169147,F3: FRC-like,False,True,1.0,458.0,-0.8872632761796524,-1.2227247128169336,-1.082823250534013,0.6115153437717074
GSE169147,F4: DP_HHIP+,False,True,1.0,12.0,-0.1860808149282562,-0.46862781882878374,-1.2206191663978905,-1.2726625314865683
GSE169147,F4: DS_DPEP1+,False,True,1.0,32.0,-0.4772865927331408,-0.9132798689927358,-0.593799525207728,0.31299837202373976
GSE169147,F4: TNN+COCH+,False,True,1.0,31.0,-0.48802368783812694,-0.685828055609107,-0.8038661566798673,0.04267229097244711
GSE169147,F5: NGFR+,False,True,1.0,12.0,-1.399302041483475,-1.7803510990679952,-1.2234899794402085,1.647204572463367
GSE169147,F5: RAMP1+,False,True,1.0,37.0,-1.1493317768989062,-1.6390575501321407,-1.2265559747192158,1.0404423533288958
GSE169147,F6: Inflammatory myofibroblast,False,True,1.0,256.0,-0.1768468523640644,-0.35389765714587335,-0.5548792957830335,-0.3561950699416509
GSE169147,F6: Myofibroblast,False,True,1.0,276.0,-0.25043546880138373,-0.44696242545088394,-0.12623841793661222,0.4255586252662575
GSE169147,F7: Fascia-like myofibroblast,False,True,1.0,6.0,0.3871682424577851,0.04501084107312969,0.7162553506118289,0.07685866261408285
GSE173252,F1: Superficial,False,True,2.0,26.0,-0.4336400460921027,-0.5804889620464339,-0.9850042913329543,-0.34380713414395153
GSE173252,F2/3: Stroma_PPARG+,False,True,2.0,3225.0,-1.423921716152794,-1.7372210812899027,-1.3381020361452975,1.5449311374319057
GSE173252,F2: Universal,False,True,2.0,1320.0,-0.7622349488652166,-0.917431741197692,-0.6970610586824756,0.8541329229992722
GSE173252,F3: FRC-like,False,True,2.0,121.0,-1.106262373833794,-1.4381990033807606,-1.2146349023154113,0.9534524711055541
GSE173252,F4: DP_HHIP+,False,True,1.0,58.0,-0.4615372192746535,-0.5050235388336661,-1.6153450312600728,-1.165381170347347
GSE173252,F4: DS_DPEP1+,False,True,2.0,461.0,-0.42329649126711066,-0.6691373125882524,-0.98138831775566,-0.3636368664205604
GSE173252,F4: TNN+COCH+,False,True,2.0,35.0,-0.7641939114918127,-1.0776759634885018,-0.8193884139081548,0.6863673011548074
GSE173252,F5: NGFR+,False,True,2.0,420.0,-1.1989239962887202,-1.3577528304288908,-1.173824710094954,1.2343150638918767
GSE173252,F5: RAMP1+,False,True,2.0,341.0,-1.4559843316331804,-1.7707954080410777,-1.3496871560841346,1.6058678979162353
GSE173252,F6: Inflammatory myofibroblast,False,True,1.0,35.0,0.5996982575513098,0.45574669232424336,0.22492973701786012,-1.1281379089158874
GSE173252,F6: Myofibroblast,False,True,2.0,309.0,0.7957764591810494,0.6793590134158043,0.5261290148752475,-1.1759908946343856
GSE173252,F7: Fascia-like myofibroblast,False,True,2.0,3534.0,1.2496363340395542,1.1963719927855676,1.0388888923721766,-1.546799245273841
GSE173252,F_Fascia,False,True,2.0,1823.0,0.4010031987809399,0.34113171455727836,0.35948488148221314,-0.45954580285919544
GSE173706,F1: Superficial,False,True,3.0,3734.0,-0.4806956931618679,-0.7891157195561298,-0.7376643230442899,0.11835892860808106
GSE173706,F2/3: Stroma_PPARG+,False,True,3.0,951.0,-1.7446738268994135,-2.2900125392014057,-1.4041077127829937,2.224886621597594
GSE173706,F2: Universal,False,True,3.0,1763.0,-0.8932862145377423,-1.0874922847814514,-0.5165025397052255,1.4245673196981967
GSE173706,F3: FRC-like,False,True,3.0,1292.0,-1.2601234164415775,-1.7175597613445124,-1.3105025216250517,1.1890867222674801
GSE173706,F4: DP_HHIP+,False,True,3.0,49.0,-0.3186467181328448,-0.5070611584925055,-1.3172301145180036,-1.0893986029979335
GSE173706,F4: DS_DPEP1+,False,True,3.0,897.0,-0.6306258417294135,-1.0379577386751606,-0.6600918130953654,0.5890775611705822
GSE173706,F4: TNN+COCH+,False,True,3.0,266.0,-0.4437745371167933,-0.6823350275676141,-0.49631035977445526,0.36969677901200626
GSE173706,F5: NGFR+,False,True,3.0,220.0,-1.4194964674696837,-1.6511731250946255,-1.508424489923194,1.2941041503268702
GSE173706,F5: RAMP1+,False,True,3.0,199.0,-1.3835316205519501,-1.8018447459973117,-1.1695232366318413,1.6852925999075945
GSE173706,F6: Inflammatory myofibroblast,False,True,3.0,18.0,-0.34463952141745247,-0.720150743065874,-0.5442604510443712,0.06316546829535702
GSE173706,F6: Myofibroblast,False,True,3.0,85.0,-0.2508365177907341,-0.5415032330064624,0.014453749447125998,0.6249071471222543
GSE173706,F7: Fascia-like myofibroblast,False,True,2.0,38.0,0.13808277133604838,0.06845525812438243,0.1605440330681734,-0.10641143111238859
GSE175817,F1: Superficial,False,True,1.0,419.0,-0.5758232417426077,-0.7729210952398762,-1.2996641094659653,-0.4448233569597052
GSE175817,F2/3: Stroma_PPARG+,False,True,1.0,71.0,-0.8826527281166225,-1.051859609823107,-1.3023696390257506,0.2908339228526941
GSE175817,F2: Universal,False,True,1.0,28.0,-1.102385858712681,-1.1378587172426677,-1.2914036658626078,0.835862662020956
GSE175817,F3: FRC-like,False,True,1.0,428.0,-0.7738928589208305,-1.0596351305043723,-1.2598390904378929,0.08868787745845061
GSE175817,F4: DP_HHIP+,False,True,1.0,9.0,-0.238634147270183,-0.323979110581091,-1.6574738632587889,-1.7619905684663493
GSE175817,F4: DS_DPEP1+,False,True,1.0,169.0,-0.5172552892071323,-0.7976407585961666,-0.8027642201465083,0.114675478842269
GSE175817,F4: TNN+COCH+,False,True,1.0,37.0,-0.618142238500037,-0.8781246932466729,-0.8862696154241387,0.2400711631029136
GSE175817,F5: NGFR+,False,True,1.0,16.0,-0.6026193952770851,-0.5234323224045518,-1.3542124647631963,-0.4571589955064677
GSE175817,F5: RAMP1+,False,True,1.0,19.0,-1.0537827659552166,-1.1559746969545088,-1.6311086461941982,0.23972856939949472
GSE175817,F6: Inflammatory myofibroblast,False,True,1.0,693.0,0.17174179540010043,0.10102389314280734,-0.40439182949733565,-0.9841148609042435
GSE175817,F6: Myofibroblast,False,True,1.0,133.0,0.2037366367542056,0.08395200415294017,-0.22116314592728592,-0.802863513007013
GSE175817,F7: Fascia-like myofibroblast,False,True,1.0,29.0,0.4805675699492019,0.42760722247190563,-0.14680040704833577,-1.3651832643783413
GSE175990,F1: Superficial,False,True,1.0,59.0,-0.7099449523122373,-1.0305968561184762,-1.0312613372038137,0.2568750995718303
GSE175990,F2/3: Stroma_PPARG+,False,True,2.0,453.0,-1.783827327225019,-2.335499958092932,-1.2979492428834034,2.468936218253811
GSE175990,F2: Universal,False,True,2.0,673.0,-1.0857418933659972,-1.1443412320715993,-0.4710570127938484,1.9524738790895193
GSE175990,F3: FRC-like,False,True,2.0,111.0,-1.2167333256842694,-1.7428986621001052,-1.371769978870823,0.9981250102312643
GSE175990,F4: DS_DPEP1+,False,True,1.0,278.0,-0.75725755240979,-1.2729466225715194,-0.5323106735540402,1.07444227771404
GSE175990,F4: TNN+COCH+,False,True,1.0,14.0,-0.5693685742365533,-0.7641955570413705,-0.2274521550098258,1.0514853569236677
GSE175990,F5: NGFR+,False,True,1.0,14.0,-1.6639946873282532,-2.119253841705332,-1.2159423141597892,2.2957677069329843
GSE175990,F5: RAMP1+,False,True,2.0,21.0,-1.6309455273762477,-2.318245852563047,-1.0356084099209537,2.470396339159115
GSE175990,F6: Inflammatory myofibroblast,False,True,1.0,159.0,0.32419795751658403,0.2386944875570698,0.19613858324589198,-0.5047671552636253
GSE175990,F6: Myofibroblast,False,True,2.0,87.0,0.2574229571678295,0.03151220227026759,0.43733798658512235,-0.003735066612902796
GSE175990,F7: Fascia-like myofibroblast,False,True,2.0,6.0,0.8765018138564885,0.6832280782426966,1.028694059382781,-0.6619042349247565
GSE175990,F_Fascia,False,True,1.0,2.0,0.1136935381760042,0.06932369126919817,0.37373340955822476,0.2529738083196707
GSE181297,F1: Superficial,True,True,1.0,399.0,0.15810763097866404,-0.1877725301532679,-0.04999107910774474,-0.45153571733701375
GSE181297,F2/3: Stroma_PPARG+,True,True,2.0,120.0,-1.171541296346072,-1.4678919231587744,-0.8082979935287106,1.6837298975340744
GSE181297,F2: Universal,True,True,2.0,114.0,-0.3516926662341472,-0.46351034674452624,-0.05927613808338818,0.7640124842628208
GSE181297,F3: FRC-like,True,True,2.0,395.0,-0.6114720675557643,-0.9367840771542147,-0.7407464975622715,0.42918958922552947
GSE181297,F4: DP_HHIP+,True,True,1.0,2.0,-0.09194534882181796,-0.0965690847951467,-1.2193639193455743,-1.4977630810684337
GSE181297,F4: DS_DPEP1+,True,True,2.0,24.0,-0.9061891712682678,-1.2626948894819516,-0.5578303745512462,1.3973899819043796
GSE181297,F4: TNN+COCH+,True,True,2.0,14.0,-0.15533633082479323,-0.14276414130427342,0.014056604407816658,0.3941876183089383
GSE181297,F5: NGFR+,True,True,2.0,12.0,-1.2468182262258962,-1.3057643704694237,-0.8670470674678965,1.782311811564228
GSE181297,F6: Inflammatory myofibroblast,True,True,2.0,162.0,0.6943024447521363,0.521491081033432,0.5167105352887071,-0.9447146367591972
GSE181297,F6: Myofibroblast,True,True,2.0,3437.0,1.444646111742992,1.3567059388101543,1.641343992649085,-1.1672936824028435
GSE181297,F7: Fascia-like myofibroblast,True,True,2.0,258.0,1.749750011060283,1.7064833555217709,1.9692667852020602,-1.440221965772385
GSE181316,F1: Superficial,True,True,3.0,2462.0,-0.5621771445777369,-0.7063549513129356,-1.2454696006985533,-0.4012944585829698
GSE181316,F2/3: Stroma_PPARG+,True,True,3.0,2621.0,-0.9740476777587214,-1.173506421050372,-1.155153202808381,0.71868113741746
GSE181316,F2: Universal,True,True,3.0,2796.0,-0.662049455344348,-0.6174490891202239,-0.7852045966414629,0.48839543595614926
GSE181316,F3: FRC-like,True,True,3.0,1963.0,-0.922251308207781,-1.2174624386101605,-1.365685345306765,0.296990340092775
GSE181316,F4: DP_HHIP+,True,True,2.0,10.0,-0.28342241879105384,-0.36202154530062974,-1.4516649802033617,-1.3638495852269006
GSE181316,F4: DS_DPEP1+,True,True,3.0,691.0,-0.23651982306708513,-0.42855283101502323,-0.6766063467269104,-0.3840210078490736
GSE181316,F4: TNN+COCH+,True,True,3.0,187.0,-0.17119020098251597,-0.2792335202762503,-0.5867561646273546,-0.414775591007909
GSE181316,F5: NGFR+,True,True,3.0,89.0,-0.8563019228593381,-1.0502673831158682,-1.1609024467325058,0.42680214947419104
GSE181316,F5: RAMP1+,True,True,3.0,445.0,-0.6100793329694668,-0.7694356049962083,-1.0758286881246475,-0.04664718854079524
GSE181316,F6: Inflammatory myofibroblast,True,True,2.0,545.0,0.5628899222128219,0.435304526604923,0.1948882264576331,-1.0817880610683457
GSE181316,F6: Myofibroblast,True,True,3.0,14037.0,0.9502386924977821,0.93195165768195,0.8565189236354934,-1.082387577129454
GSE181316,F7: Fascia-like myofibroblast,True,True,3.0,2057.0,1.297134789226911,1.2948495695781819,1.2670461315966393,-1.3395610840649552
GSE181316,F_Fascia,True,True,1.0,21.0,1.358290298083698,1.442434037418604,1.4029960983572964,-1.2952532066094016
GSE181907,F1: Superficial,False,True,1.0,21.0,-0.5205101409993845,-0.8183274183206993,-0.7934107218521489,0.13570864380385522
GSE181907,F2/3: Stroma_PPARG+,False,True,1.0,36.0,-1.3282741331052506,-1.4883806917111102,-1.17903275234078,1.5387108664469091
GSE181907,F2: Universal,False,True,1.0,10.0,-1.0948577543823026,-1.01124315957093,-0.7492684558025628,1.5821534541301339
GSE181907,F3: FRC-like,False,True,1.0,28.0,-1.1156383090650126,-1.4638262319515127,-1.3656594372852653,0.7630978191582692
GSE181907,F4: DP_HHIP+,False,True,1.0,117.0,-0.2599652740963349,-0.3789780772302579,-1.63414436940805,-1.6776860553306197
GSE181907,F4: DS_DPEP1+,False,True,1.0,113.0,-0.31567399940751656,-0.7409096628649855,-0.4574245760797134,0.11579962038880848
GSE181907,F4: TNN+COCH+,False,True,1.0,59.0,-0.4808011976373156,-0.9462067653187394,-0.5072755996258284,0.44347115791844754
GSE181907,F5: NGFR+,False,True,1.0,4.0,-0.8943902585331013,-1.0913524000540513,-1.5801472617266157,-0.07255646146509842
GSE181907,F5: RAMP1+,False,True,1.0,4.0,-0.9157634725587501,-1.2032965821424528,-1.117749001636403,0.6309552330231751
GSE181907,F6: Inflammatory myofibroblast,False,True,1.0,151.0,0.09200968583662451,-0.13303588968179159,-0.3805578776647083,-0.758350172885517
GSE181907,F6: Myofibroblast,False,True,1.0,160.0,0.5031188686823308,0.23018504998890177,0.35486219674988523,-0.7121671204323377
GSE181907,F7: Fascia-like myofibroblast,False,True,1.0,53.0,0.48571935790530746,0.22514034738145608,0.266218747379954,-0.7952246118023644
GSE186476,F1: Superficial,False,True,5.0,3647.0,-0.7334642072331538,-1.037621655707032,-0.9448943924837285,0.4353385983300204
GSE186476,F2/3: Stroma_PPARG+,False,True,5.0,664.0,-1.9223633346489073,-2.5442268056653483,-1.2564022683674199,2.8613969364766296
GSE186476,F2: Universal,False,True,5.0,1816.0,-1.3423637671720858,-1.5968358456335205,-0.7789351631637942,2.1368222095385074
GSE186476,F3: FRC-like,False,True,5.0,2128.0,-1.6504306673273477,-2.2092153052759866,-1.4488251795331144,1.9347030323902565
GSE186476,F4: DP_HHIP+,False,True,4.0,84.0,-0.2378986660500522,-0.4543166826574372,-1.1649355127130516,-1.0692629582918394
GSE186476,F4: DS_DPEP1+,False,True,5.0,938.0,-0.951310560156777,-1.467592259967167,-0.7161433927905191,1.282906329616099
GSE186476,F4: TNN+COCH+,False,True,5.0,366.0,-0.5877298700507873,-0.8890581771372651,-0.5254566452988093,0.6755377817997311
GSE186476,F5: NGFR+,False,True,5.0,294.0,-1.4677001339448967,-1.791467727840187,-1.4577167527190649,1.4817771286906403
GSE186476,F5: RAMP1+,False,True,5.0,219.0,-1.441004686695942,-1.9478617997550753,-1.1879150428313747,1.7978719149716973
GSE186476,F6: Inflammatory myofibroblast,False,True,5.0,26.0,-0.15764813054266483,-0.6776849295654214,-0.17186913867098425,0.1375959005242925
GSE186476,F6: Myofibroblast,False,True,5.0,50.0,-0.2385466584522017,-0.5462432202024051,-0.37859968983624076,0.0410658909325938
GSE186476,F7: Fascia-like myofibroblast,False,True,5.0,17.0,0.683068847956672,0.5651074027097001,0.4992552364128977,-0.9422539061413723
GSE189889,F1: Superficial,False,True,1.0,66.0,-0.2008063260259394,-0.4631846559265302,-0.3601760570236967,-0.02391181456560565
GSE189889,F2/3: Stroma_PPARG+,False,True,1.0,128.0,-1.1580320973893368,-1.4282341370386469,-0.9173138160790292,1.4974551750577456
GSE189889,F2: Universal,False,True,1.0,27.0,-0.5816917538085263,-0.7697811537104433,-0.44072862591122364,0.780455796357459
GSE189889,F3: FRC-like,False,True,1.0,89.0,-0.7117169129331884,-1.034032756822384,-0.8147965540331837,0.5663702079107611
GSE189889,F4: DS_DPEP1+,False,True,1.0,8.0,-0.5007002770165923,-0.8125036886329678,-0.46970544690765936,0.5444043138272485
GSE189889,F5: NGFR+,False,True,1.0,9.0,-1.2862212251652403,-1.3718713872202226,-1.2327605499275132,1.3616030649849982
GSE189889,F5: RAMP1+,False,True,1.0,20.0,-1.0494647286717282,-1.2845474154298053,-0.5677197361045839,1.7287457834317457
GSE189889,F6: Inflammatory myofibroblast,False,True,1.0,167.0,-0.008639990548155781,-0.24780076230730425,-0.25328395170883744,-0.3363184637003004
GSE189889,F6: Myofibroblast,False,True,1.0,199.0,0.08519931092299679,-0.20491675804530404,0.14695739695485585,0.001882233186325479
GSE189889,F7: Fascia-like myofibroblast,False,True,1.0,4.0,0.6037624458535517,0.5385079257396034,0.712624662586318,-0.45026206173603617
GSE189889,F_Fascia,False,True,1.0,3.0,0.43583205346201304,0.5129029313804887,0.18413934671699572,-0.7907295406202831
GSE202352,F1: Superficial,False,True,1.0,402.0,-0.5153976774177363,-0.7167225356648096,-0.8975117898515866,-0.02339957286520343
GSE202352,F2/3: Stroma_PPARG+,False,True,1.0,456.0,-1.4891165253495708,-1.8453517557274597,-1.4553887878879361,1.5366740784764281
GSE202352,F2: Universal,False,True,1.0,721.0,-0.4472295372099432,-0.5449490982235993,-0.15672778063153592,0.8568494453830714
GSE202352,F3: FRC-like,False,True,1.0,111.0,-1.5319073168435737,-2.0822141924171933,-1.3991672840759222,1.7190764433700387
GSE202352,F4: DP_HHIP+,False,True,1.0,2.0,-0.49782818684024377,-0.6514494896552878,-1.4619654502855348,-0.8616466127971822
GSE202352,F4: DS_DPEP1+,False,True,1.0,63.0,-0.8570415001950092,-1.335285056961068,-0.7234933998365042,1.04535003660409
GSE202352,F4: TNN+COCH+,False,True,1.0,21.0,-0.44439927041585187,-0.62176641442792,-0.5765781108711079,0.25802144906488556
GSE202352,F5: NGFR+,False,True,1.0,260.0,-1.5222553238601368,-1.8769180438417978,-1.5092831330379615,1.5405466680363993
GSE202352,F5: RAMP1+,False,True,1.0,193.0,-1.761486430572884,-2.186381262337222,-1.3520938041923256,2.338747552845992
GSE202352,F6: Inflammatory myofibroblast,False,True,1.0,1.0,-0.5031542250466885,-0.8098644676158028,-0.5189260976322766,0.4809152097776604
GSE202352,F6: Myofibroblast,False,True,1.0,6.0,-0.31364996295629133,-0.4514231545648429,-0.46326047018172917,0.1026927455086984
GSE202352,F7: Fascia-like myofibroblast,False,True,1.0,9.0,0.03500267111326641,0.01671509659390412,0.024180796658967885,-0.05026197719265836
GSE202352,F_Fascia,False,True,1.0,76.0,0.3237057788929838,0.22675866660126262,0.45474653369624535,-0.13893270701325625
GSE212450,F1: Superficial,False,True,2.0,640.0,-0.5783436919361159,-0.9406633343515175,-0.9480918328922326,0.056982990611920914
GSE212450,F2/3: Stroma_PPARG+,False,True,2.0,1968.0,-1.4903077440266823,-1.7873677041677267,-1.2766763266309062,1.7915371844515455
GSE212450,F2: Universal,False,True,2.0,621.0,-1.3183874097784898,-1.5037895653019142,-0.7882233036251802,2.0659414866867785
GSE212450,F3: FRC-like,False,True,2.0,1133.0,-1.2958620828921295,-1.7250458723040683,-1.4889274949559,1.0236315900633421
GSE212450,F4: DP_HHIP+,False,True,2.0,146.0,-0.11348103547750063,-0.29008509142856337,-1.2463309510196403,-1.4838858233113947
GSE212450,F4: DS_DPEP1+,False,True,2.0,4302.0,-0.7387222627657947,-1.1744011528315537,-0.6758176386143125,0.8274204746874182
GSE212450,F4: TNN+COCH+,False,True,2.0,495.0,-0.6622362042504487,-1.11895621905746,-0.5541948772365305,0.8145790987361814
GSE212450,F5: NGFR+,False,True,2.0,142.0,-1.1848791146210311,-1.3624236069220832,-1.4677337280445726,0.7860420055393023
GSE212450,F5: RAMP1+,False,True,2.0,602.0,-1.2793814911904313,-1.7249621743015464,-1.2370109863178722,1.3391257162153256
GSE212450,F6: Inflammatory myofibroblast,False,True,2.0,39.0,-0.5129446616177146,-0.9316935852333933,-0.7439023670171716,0.18728441366645127
GSE212450,F6: Myofibroblast,False,True,2.0,151.0,-0.31950413702664804,-0.682459061000353,-0.23287011651632777,0.4416618132626894
GSE212450,F7: Fascia-like myofibroblast,False,True,2.0,37.0,0.3062360104630752,-0.04479501491731754,0.16554826490356966,-0.5046117521313189
GSE215120,F1: Superficial,False,True,2.0,109.0,-0.0413453744773123,-0.31507714678101456,-0.32422428600580383,-0.3575259959721831
GSE215120,F2/3: Stroma_PPARG+,False,True,1.0,3.0,-0.5670078603253598,-0.6656686202117558,-0.9779165790239173,-0.012391016994032222
GSE215120,F3: FRC-like,False,True,2.0,104.0,-0.3916302694100659,-0.6354956483798097,-0.8180873721266579,-0.20969249473439217
GSE215120,F4: DS_DPEP1+,False,True,1.0,5.0,-0.1679945138641552,-0.40524620555117635,-0.4897901674649251,-0.2857511282654889
GSE215120,F5: NGFR+,False,True,1.0,9.0,-0.7984503643231073,-0.8300169119806515,-1.4541843960411773,-0.12616268112625428
GSE215120,F6: Inflammatory myofibroblast,False,True,3.0,592.0,0.0799486827108861,-0.1666235861874519,-0.26325033491791777,-0.5638739840309662
GSE215120,F6: Myofibroblast,False,True,3.0,89.0,0.49936082258520087,0.16863735996038706,0.5787330394750146,-0.38744260020733473
GSE215120,F7: Fascia-like myofibroblast,False,True,2.0,7.0,0.556917014843035,0.3000799517692739,0.15767959222259176,-1.119858865244286
GSE229279,F1: Superficial,False,True,1.0,552.0,-0.22294314966736548,-0.45161389872203295,-0.5467152810027947,-0.23358941064725952
GSE229279,F2/3: Stroma_PPARG+,False,True,1.0,60.0,-1.3717456653062874,-1.5639881854293392,-1.3319531107421991,1.427854870078401
GSE229279,F2: Universal,False,True,1.0,73.0,-1.0177656701778175,-1.0590873530592966,-0.6041465571776746,1.600986319447939
GSE229279,F3: FRC-like,False,True,1.0,165.0,-0.9613033490734648,-1.1825004484723878,-1.3840423596020657,0.36522325402182987
GSE229279,F4: DS_DPEP1+,False,True,1.0,28.0,-0.7316669731462834,-1.0289183722330753,-0.7989560842315949,0.6367864470232785
GSE229279,F4: TNN+COCH+,False,True,1.0,42.0,-0.4685151436765772,-0.6006123124525191,-0.4656499541561804,0.4725551835099578
GSE229279,F5: NGFR+,False,True,1.0,44.0,-1.4555443965919699,-1.573072048857249,-1.5142769956177298,1.3727289186304554
GSE229279,F5: RAMP1+,False,True,1.0,46.0,-1.2351463059337795,-1.487197621292072,-1.2098661393770798,1.270792422589058
GSE229279,F6: Inflammatory myofibroblast,False,True,1.0,18.0,0.23702435760494456,-0.06725342374320158,-0.18985275647914276,-0.8389393557510547
GSE229279,F6: Myofibroblast,False,True,1.0,10.0,-0.39120072955110924,-0.5304625243683884,-0.24110228531512864,0.6028459590637829
GSE229279,F7: Fascia-like myofibroblast,False,True,1.0,5.0,0.24852128864360584,0.00418764972660679,-0.06626688304523377,-0.692386081407319
GSE233280,F1: Superficial,False,True,1.0,5146.0,0.07581420430238503,-0.20177229866497812,-0.2865072782461389,-0.5867029994640093
GSE233280,F2/3: Stroma_PPARG+,False,True,1.0,1030.0,-1.6027538462070898,-1.8763634362176769,-1.270869777464232,2.0707245853990988
GSE233280,F2: Universal,False,True,1.0,536.0,-0.6057970573622199,-0.6391655340097954,-0.11855743657803916,1.2928257730390487
GSE233280,F3: FRC-like,False,True,1.0,1651.0,-1.1001021510828843,-1.3985072865156423,-1.2193509948261867,0.9319561784071604
GSE233280,F4: DP_HHIP+,False,True,1.0,55.0,-0.44458277981466005,-0.5687368627777841,-1.398650483218387,-0.9006935092590064
GSE233280,F4: DS_DPEP1+,False,True,1.0,633.0,-0.6371685182674169,-0.9228711534561466,-0.6686763071859416,0.5927411875842695
GSE233280,F4: TNN+COCH+,False,True,1.0,231.0,-0.5268594819915887,-0.791415718161655,-0.5138768873257178,0.5451654960326704
GSE233280,F5: NGFR+,False,True,1.0,252.0,-1.5668539643661947,-1.6794166001174116,-1.4775019146998418,1.6928441780244536
GSE233280,F5: RAMP1+,False,True,1.0,784.0,-1.2298972435196331,-1.5037339799343632,-0.9954066030678299,1.5605390810790607
GSE233280,F6: Inflammatory myofibroblast,False,True,1.0,729.0,0.21458984702232314,0.08580337960546564,-0.26984605593250677,-0.8976652005806954
GSE233280,F6: Myofibroblast,False,True,1.0,361.0,0.4377475157335469,0.27775282692703457,0.2597673645595993,-0.6887071451664071
GSE233280,F7: Fascia-like myofibroblast,False,True,1.0,165.0,0.355748863027427,0.32691526021153616,-0.21377344621470004,-1.1587996905405573
GSE234987,F1: Superficial,False,True,1.0,719.0,-0.4420938735265522,-0.7156899833799758,-0.8445582789983392,-0.12539816078687943
GSE234987,F2/3: Stroma_PPARG+,False,True,1.0,73.0,-1.5176062522612264,-2.0597532190844863,-1.0428112601497082,2.187087508968497
GSE234987,F2: Universal,False,True,1.0,98.0,-0.7493279479582667,-0.9124414000648373,-0.5567199932575447,1.020913406329255
GSE234987,F3: FRC-like,False,True,1.0,314.0,-1.359924686310332,-1.8904267001953539,-1.4657171220868566,1.2107528247057888
GSE234987,F4: DP_HHIP+,False,True,1.0,10.0,-0.3475835295537044,-0.6466524002892023,-1.301559241293466,-0.9975630473371858
GSE234987,F4: DS_DPEP1+,False,True,1.0,108.0,-0.6891687564920749,-1.200705157272211,-0.6037428553959683,0.809622932655205
GSE234987,F4: TNN+COCH+,False,True,1.0,53.0,-0.27654231192691303,-0.47915742898430985,-0.2127307473751261,0.3665193486235288
GSE234987,F5: NGFR+,False,True,1.0,113.0,-1.3238244363603735,-1.4896321806812218,-1.5441496656399776,1.0131564347320408
GSE234987,F5: RAMP1+,False,True,1.0,38.0,-1.027003693320473,-1.4075801885907273,-1.0645301390866704,0.9740897989266385
GSE234987,F6: Inflammatory myofibroblast,False,True,1.0,20.0,-0.259231904517176,-0.61902705243346,-0.466189490687395,-0.03258714828740293
GSE234987,F6: Myofibroblast,False,True,1.0,82.0,0.024695420384654002,-0.17316026603814924,0.12297354158501313,0.11388093610857503
GSE234987,F7: Fascia-like myofibroblast,False,True,1.0,29.0,0.42907123614948545,0.31173523643211387,0.38748256881736803,-0.4877130367852999
GSE249279,F1: Superficial,False,True,2.0,6580.0,-0.5510060000877622,-0.8245258171445614,-0.748559971847844,0.27244644600892165
GSE249279,F2/3: Stroma_PPARG+,False,True,2.0,2601.0,-1.8821879493568374,-2.306176880662678,-1.2570206761980605,2.7637005571989417
GSE249279,F2: Universal,False,True,2.0,7480.0,-1.0321567140973937,-1.1820935147478566,-0.3938356018633124,1.9322167979259142
GSE249279,F3: FRC-like,False,True,2.0,3338.0,-1.681208367573698,-2.134707278439764,-1.4144201311855762,2.057391197509456
GSE249279,F4: DP_HHIP+,False,True,2.0,129.0,-0.32090782973093296,-0.4803169498820499,-1.4724198837722893,-1.3027734429479176
GSE249279,F4: DS_DPEP1+,False,True,2.0,2644.0,-1.049756365589043,-1.5095663142559457,-0.7869752412393702,1.42028899607485
GSE249279,F4: TNN+COCH+,False,True,2.0,1073.0,-0.6850856903589786,-1.040476974335743,-0.6376145533307631,0.7520220249939245
GSE249279,F5: NGFR+,False,True,2.0,802.0,-1.4196878309364176,-1.6507416719567178,-1.4861873754111068,1.3259206275221957
GSE249279,F5: RAMP1+,False,True,2.0,572.0,-1.5529065261487232,-2.081535358663201,-1.1733185722360335,2.088141784815311
GSE249279,F6: Inflammatory myofibroblast,False,True,2.0,96.0,-0.13688460981320816,-0.3999730999350506,-0.14134649875529803,0.1305931554679254
GSE249279,F6: Myofibroblast,False,True,2.0,1883.0,0.19302513712370414,0.1422709149168455,0.6412608018246327,0.43900633138536593
GSE249279,F7: Fascia-like myofibroblast,False,True,2.0,424.0,0.6642113889118534,0.5367835538725877,0.9577554385252792,-0.2503017173709668
GSE249279,F_Fascia,False,True,1.0,5.0,0.6872281836778564,0.5489101426991587,0.4953312873723171,-0.9578110192834235
PRJNA607098,F1: Superficial,False,True,1.0,6.0,-0.06372926270258632,-0.07232043308761953,-0.9144375536909797,-1.1358058318218143
PRJNA607098,F2/3: Stroma_PPARG+,False,True,1.0,300.0,-0.5421262755054393,-0.554227879115586,-0.9902587293850154,-0.08975966132883796
PRJNA607098,F2: Universal,False,True,1.0,433.0,-0.17338483967108456,-0.16888549728878494,-0.5559183996617295,-0.36600384961629173
PRJNA607098,F3: FRC-like,False,True,1.0,27.0,-0.5570753171274491,-0.5602543664177079,-1.0725011903032164,-0.16969722059153566
PRJNA607098,F4: DS_DPEP1+,False,True,1.0,6.0,0.23682975360212852,0.23422561201404568,-0.6764736797747496,-1.5246266775187198
PRJNA607098,F4: TNN+COCH+,False,True,1.0,62.0,0.8344856928054893,0.7691137191113058,-0.06422450023804452,-2.1017055233657476
PRJNA607098,F5: NGFR+,False,True,1.0,31.0,-0.45795688797919804,-0.4856110029197791,-1.062565576600064,-0.39456723590405957
PRJNA607098,F6: Inflammatory myofibroblast,False,True,1.0,159.0,0.47542126144450114,0.40826062139630775,-0.2238708611687793,-1.4614530790308837
PRJNA607098,F6: Myofibroblast,False,True,1.0,1714.0,0.6748153969576988,0.6299289316132735,0.011826498312714701,-1.6096581152304308
PRJNA607098,F7: Fascia-like myofibroblast,False,True,1.0,30803.0,1.0410371449783606,1.0204611829854262,0.5807687897466571,-1.690035222048925
PRJNA607098,F_Fascia,False,True,1.0,1028.0,0.8688784367537381,0.8642817715459908,0.5510872125608933,-1.3169776620572693
PRJNA754272,F1: Superficial,False,True,1.0,7330.0,-0.5949332156356962,-0.6502025552604175,-1.0226853790293278,-0.00821563948272222
PRJNA754272,F2/3: Stroma_PPARG+,False,True,1.0,6606.0,-1.1948618029699585,-1.2979687930025336,-1.6820624396805326,0.5078880565051571
PRJNA754272,F2: Universal,False,True,1.0,38309.0,-1.0873138845353583,-1.0414033585884348,-1.3065549728972456,0.7781745679944833
PRJNA754272,F3: FRC-like,False,True,1.0,2928.0,-1.1073037435527324,-1.2639140217384752,-1.7029017423363004,0.26748507793314846
PRJNA754272,F4: DP_HHIP+,False,True,1.0,1.0,-0.6824245457910648,-0.9821212139125325,-1.5895926543954986,-0.5967213076483566
PRJNA754272,F4: DS_DPEP1+,False,True,1.0,2324.0,-0.7766049176027779,-0.9425005600054668,-1.265472459673859,0.08728076324803319
PRJNA754272,F4: TNN+COCH+,False,True,1.0,573.0,-0.41728386319941724,-0.45479365429614005,-0.9583473698015279,-0.3456388347580672
PRJNA754272,F5: NGFR+,False,True,1.0,481.0,-1.1206723710626587,-1.1678457718065292,-1.5952964843134372,0.45143206086142845
PRJNA754272,F5: RAMP1+,False,True,1.0,342.0,-1.1251807233048952,-1.3187476329409447,-1.6473834779692305,0.38885249268496996
PRJNA754272,F6: Inflammatory myofibroblast,False,True,1.0,17.0,-0.3116666126921449,-0.5377630468789272,-0.7596286183319629,-0.31997898483010845
PRJNA754272,F6: Myofibroblast,False,True,1.0,225.0,-0.457018865589162,-0.5334096741854939,-0.8519905885705991,-0.0999081657796516
PRJNA754272,F7: Fascia-like myofibroblast,False,True,1.0,39.0,0.009514655839900707,-0.0684852964694837,-0.48017933856903683,-0.700004143357274
PRJNA754272,F_Fascia,False,True,1.0,1.0,0.31236597461511795,0.6237572740804495,0.5127517937258116,-0.029813394589100234
REYNOLDS_HCA_SKIN_PORTAL,F1: Superficial,False,True,5.0,6096.0,-0.41426522234312824,-0.43907379609426245,-1.0814453392941488,-0.5264872930952821
REYNOLDS_HCA_SKIN_PORTAL,F2/3: Stroma_PPARG+,False,True,5.0,1207.0,-0.9568928065800073,-0.9474002722012356,-1.631329415823871,0.00590832648271547
REYNOLDS_HCA_SKIN_PORTAL,F2: Universal,False,True,5.0,6318.0,-0.8907004923033403,-0.7454740090192599,-0.9010703699346923,0.8760785210865359
REYNOLDS_HCA_SKIN_PORTAL,F3: FRC-like,False,True,5.0,7386.0,-0.8811366550974403,-0.92405609638624,-1.551491045251133,-0.06409172139292876
REYNOLDS_HCA_SKIN_PORTAL,F4: DP_HHIP+,False,True,5.0,118.0,-0.18128831088700337,-0.19287794328006938,-1.5734382051664368,-1.781702614106107
REYNOLDS_HCA_SKIN_PORTAL,F4: DS_DPEP1+,False,True,5.0,1305.0,-0.47412308071108245,-0.4779849420784121,-1.189169231546355,-0.5341225908280456
REYNOLDS_HCA_SKIN_PORTAL,F4: TNN+COCH+,False,True,5.0,901.0,-0.263156653820142,-0.2042880005626756,-1.1149038244499323,-0.9378433054552466
REYNOLDS_HCA_SKIN_PORTAL,F5: NGFR+,False,True,5.0,1424.0,-0.9809777145682465,-0.8891753176829282,-1.7320447582535476,-0.07805895732602151
REYNOLDS_HCA_SKIN_PORTAL,F5: RAMP1+,False,True,5.0,150.0,-0.8806109262992434,-0.9151143361137428,-1.4916971842497642,0.01895315246753166
REYNOLDS_HCA_SKIN_PORTAL,F6: Inflammatory myofibroblast,False,True,5.0,104.0,-0.20718966944151262,-0.23359365254828943,-1.0216780666778051,-0.9412738249400096
REYNOLDS_HCA_SKIN_PORTAL,F6: Myofibroblast,False,True,5.0,226.0,-0.23671143432166838,-0.2558149587119504,-0.6248371964903559,-0.3105624993430069
REYNOLDS_HCA_SKIN_PORTAL,F7: Fascia-like myofibroblast,False,True,5.0,52.0,0.033825918100999414,0.008935537599798383,-0.6607199172000258,-1.0131652674699487
REYNOLDS_HCA_SKIN_PORTAL,F_Fascia,False,True,1.0,1.0,-1.0239183085963015,-0.7285355316363008,-0.9912368723623731,1.0700005322178818
UNRESOLVED_GSE_LABEL,F1: Superficial,False,False,3.0,15132.0,-0.4435134078805951,-0.4967474530695016,-1.0521162703555706,-0.4146426720590328
UNRESOLVED_GSE_LABEL,F2/3: Stroma_PPARG+,False,False,3.0,1993.0,-1.2965616165142166,-1.3634324708587013,-1.462027075957502,1.063248237960897
UNRESOLVED_GSE_LABEL,F2: Universal,False,False,3.0,1878.0,-0.8846613218431494,-0.7646270182007741,-0.7761906563607204,1.0376096019420986
UNRESOLVED_GSE_LABEL,F3: FRC-like,False,False,3.0,6547.0,-0.9025197675630716,-0.9585520809833088,-1.548891249393021,-0.008891681893863574
UNRESOLVED_GSE_LABEL,F4: DP_HHIP+,False,False,3.0,139.0,-0.2467558767739614,-0.25636028920907483,-1.51454730922802,-1.5408842953925899
UNRESOLVED_GSE_LABEL,F4: DS_DPEP1+,False,False,3.0,3208.0,-0.33278790723787954,-0.4065162164236514,-0.865803166278319,-0.41878641725021254
UNRESOLVED_GSE_LABEL,F4: TNN+COCH+,False,False,3.0,1062.0,-0.34663466232010376,-0.2640041942421967,-0.7624620470161622,-0.23969974453949205
UNRESOLVED_GSE_LABEL,F5: NGFR+,False,False,3.0,313.0,-1.2908850573801787,-1.2236626286561976,-1.5400555929819104,0.9395439394648314
UNRESOLVED_GSE_LABEL,F5: RAMP1+,False,False,3.0,685.0,-1.078893405273518,-1.1497663855288631,-1.4145977644156988,0.6055358931373609
UNRESOLVED_GSE_LABEL,F6: Inflammatory myofibroblast,False,False,3.0,255.0,-0.3369113414689119,-0.3474344986854315,-1.1693381748931422,-0.8368461155743795
UNRESOLVED_GSE_LABEL,F6: Myofibroblast,False,False,3.0,103.0,-0.4426554258379002,-0.4970944931607259,-0.6571468380702162,0.14021335589188963
UNRESOLVED_GSE_LABEL,F7: Fascia-like myofibroblast,False,False,3.0,32.0,0.026910958633100862,-0.0284299003573212,-0.5091033070321108,-0.7827140107981576
